<?xml version="1.0" encoding="utf-8"?>
<odoo noupdate="1">
    <record id="l10n_cn_tax_group_vat_0" model="account.tax.group">
        <field name="name">VAT 0%</field>
    </record>
    <record id="l10n_cn_tax_group_vat_3" model="account.tax.group">
        <field name="name">VAT 3%</field>
    </record>
    <record id="l10n_cn_tax_group_vat_6" model="account.tax.group">
        <field name="name">VAT 6%</field>
    </record>
    <record id="l10n_cn_tax_group_vat_9" model="account.tax.group">
        <field name="name">VAT 9%</field>
    </record>
    <record id="l10n_cn_tax_group_vat_10" model="account.tax.group">
        <field name="name">VAT 10%</field>
    </record>
    <record id="l10n_cn_tax_group_vat_13" model="account.tax.group">
        <field name="name">VAT 13%</field>
    </record>
</odoo>
