<?xml version="1.0" encoding="utf-8"?>
<odoo>

    <data noupdate="1">
        <!-- Chart template -->
        <record id="l10n_chart_china_standard_business_latest" model="account.chart.template">
            <field name="name">2021中国企业会计科目表-odoo14</field>
            <field name="code_digits" eval="4" />
            <field name="currency_id" ref="base.CNY" />
            <field name="cash_account_code_prefix">1001</field>
            <field name="bank_account_code_prefix">1002</field>
            <field name="transfer_account_code_prefix">1003</field>
        </record>
    </data>
</odoo>
